{
  "config": {
    "n_ops": 200,
    "n_seed_skills": 100,
    "n_seed_memories": 50,
    "overhead_budget_ms": 2.0
  },
  "results": {
    "record_outcome": {
      "auto_on": {
        "p50_us": 949.4500118307769,
        "p95_us": 2409.899956546724,
        "p99_us": 13361.799996346235,
        "max_us": 22358.100046403706
      },
      "auto_off": {
        "p50_us": 934.7500163130462,
        "p95_us": 2354.5000003650784,
        "p99_us": 2899.0000719204545,
        "max_us": 9636.40003465116
      },
      "delta": {
        "p50_us": 14.699995517730713,
        "p95_us": 55.39995618164539,
        "p99_us": 10462.79992442578,
        "max_us": 12721.700011752546
      }
    },
    "memory_search": {
      "auto_on": {
        "p50_us": 1035.7500286772847,
        "p95_us": 2095.900010317564,
        "p99_us": 4039.6000258624554,
        "max_us": 9991.100057959557
      },
      "auto_off": {
        "p50_us": 1083.74998671934,
        "p95_us": 1995.3000592067838,
        "p99_us": 2733.900095336139,
        "max_us": 2775.4000620916486
      },
      "delta": {
        "p50_us": -47.99995804205537,
        "p95_us": 100.59995111078024,
        "p99_us": 1305.6999305263162,
        "max_us": 7215.699995867908
      }
    },
    "agent_complete": {
      "auto_on": {
        "p50_us": 2952.000009827316,
        "p95_us": 5601.500044576824,
        "p99_us": 6849.299999885261,
        "max_us": 14092.89997536689
      },
      "auto_off": {
        "p50_us": 2079.45000147447,
        "p95_us": 4876.299994066358,
        "p99_us": 5377.100082114339,
        "max_us": 5440.099979750812
      },
      "delta": {
        "p50_us": 872.5500083528459,
        "p95_us": 725.2000505104661,
        "p99_us": 1472.1999177709222,
        "max_us": 8652.799995616078
      }
    }
  },
  "verdict": "ok"
}